,best_score,elapsed_time,pi_0,pi_1,pi_2,probability_SBX,probability_PCX,probability_DE,probability_UNDX,probability_SPX,probability_UM
0,918.0,67.7558741569519,52,354,47,0.16666666666666666,0.16666666666666666,0.16666666666666666,0.16666666666666666,0.16666666666666666,0.16666666666666666
