,best_score,elapsed_time,pi_0,pi_1,pi_2,probability_SBX,probability_PCX,probability_DE,probability_UNDX,probability_SPX,probability_UM
0,775.0,10.073067903518677,6,488,1072,0.16666666666666666,0.16666666666666666,0.16666666666666666,0.16666666666666666,0.16666666666666666,0.16666666666666666
