,best_score,elapsed_time,pi_0,pi_1,pi_2,probability_SBX,probability_PCX,probability_DE,probability_UNDX,probability_SPX,probability_UM
0,892.0,17.022745609283447,24,611,407,0.16666666666666666,0.16666666666666666,0.16666666666666666,0.16666666666666666,0.16666666666666666,0.16666666666666666
